{
  "project_info": {
    "project_number": "91183840433",
    "project_id": "derby-fbd0e",
    "storage_bucket": "derby-fbd0e.appspot.com"
  },
  "client": [
    {
      "client_info": {
        "mobilesdk_app_id": "1:91183840433:android:6f8ed98017f1760e0f7690",
        "android_client_info": {
          "package_name": "com.derby.app"
        }
      },
      "oauth_client": [],
      "api_key": [
        {
          "current_key": "AIzaSyDXcMVMdQkR9SMHRp04ijlA78STgbCWgGg"
        }
      ],
      "services": {
        "appinvite_service": {
          "other_platform_oauth_client": []
        }
      }
    }
  ],
  "configuration_version": "1"
}